23RD ST CAFE,23RD ST. CAFE
TEN YO ENTERPRISE INC,TEN YO ENTERPRISE INC
L & G MINI MARKET DISCOUNT,L & G MINI MARKET
E & M Market,E & M MEAT MARKET
EL GALLITO RESTAURANTE,EL GALLITO RESTAURANTE
HAN SHIK,HAN SHIK
INTI PERUVIAN RESTAURANT,INTI PERUVIAN RESTAURANT
DOMINO'S PIZZA,DOMINO'S PIZZA
CARLS JR #321,CARL'S JR #321
VILLAMAR MARKET,VILLAMAR MARKET
QUE DELICIOUS,QUE DELICIOUS
CHINA BOWL,CHINA BOWL EXPRESS
LOUISIANA,LOUISIANA FRIED CHICKEN
NIZAM INDIAN CUISINE,NIZAM INDIAN CUISINE
CRENSHAW DISCOUNT STORE,CRENSHAW DISCOUNT STORE
HARVEST CAFE,HARVEST CAFE
WHEALTHY RESTAURANT,WHEALTHY RESTAURANT
OLYMPIC BURGER,OLYMPIC BURGER
CHINA EXPRESS,CHINA EXPRESS
PACO'S LIQUOR,PACOS LIQUOR
LOS MORELIANOS,LOS MORELIANOS
MARLIN RESTAURANT,MARLIN RESTAURANT
MANDARIN HOUSE,MANDARIN HOUSE
EDIBLE ARRANGEMENTS,EDIBLE ARRANGEMENTS
CARLS JR #97,CARL'S JR #97
HAIFA,HAIFA RESTAURANT
STARBUCKS,STARBUCKS
LONGS MARKET,LONG'S MARKET
STARBUCK'S COFFEE #5289,STARBUCKS COFFEE #5289
YOSHINOYA,YOSHINOYA
CARNITAS URUAPAN - MARKET & BAKERY,CARNITAS URUAPAN MARKET & BAKERY
TOM'S JR BURGER,TOM'S JR. BURGER
HAPPY DONUTS,HAPPY DONUTS
HOUSE OF CURRY,HOUSE  OF  CURRY
CARLS JR #212,CARL'S JR #212
MARISCOS & VIENTOS #3,MARISCOS 4 VIENTOS #3
RAFFALLOS PIZZA FOUNTAIN,RAFFALLO'S PIZZA
USC POPOVICH CAFE,USC POPOVICH HALL CAFE
CHICKEN DAY,CHICKEN DAY WESTERN
JACK IN THE BOX #3343,JACK IN THE BOX # 3343
TEJUINOS RIVERA,TEJUINOS RIVERA - 2
LA CEST SI BON,LA CEST SI BON
KOKO N PIZZA,KOKO N PIZZA
PINKBERRY,PINKBERRY
THE COFFEE BEAN & TEA LEAF,THE COFFEE BEAN & TEA LEAF
LAX MARRIOTT,LAX MARRIOTT CHAMPIONS
JACK IN THE BOX # 370,JACK IN THE BOX #370
JAMBA JUICE #1279,JAMBA JUICE COMPANY #1279
LITTLE CHINA RESTAURANT,LITTLE CHINA RESTAURANT
L.A. CAFE,L.A. CAFE
BUNKER HILL MARKET AND DELI,BUNKER HILL MARKET & DELI
MONTE CARLO,MONTE CARLO CAFE
JAMBA JUICE #527,JAMBA JUICE #527
DUTY FREE,DUTY FREE
LIBRARY BAR,LIBRARY BAR
LA REYNA MARKET,LA REYNA MARKET
STAR KARAOKE,STAR KARAOKE
DAVE & BUSTERS,DAVE & BUSTERS
JACK IN THE BOX # 286,JACK IN THE BOX #286
EAT THIS,EAT THIS CAFE
HIGHLAND MARKET & DELI,HIGHLAND DELI / MARKET
BLD,BLD
TONO'S TACOS,TONO'S TACOS
LENNY'S DELI,LENNYS DELI WESTWOOD
KING TACO #109,KING TACO #109
HOUSE OF BOBA,HOUSE OF BOBA
EL VALLE OAXAQUENO INC.,EL VALLE OAXAQUENO INC.
MOCHA CAFE,MOCHA CAFE
LE CAFE BONJOUR,LE CAFE BONJOUR
JUAN'S ROTISSERIE CHICKEN,JUAN'S ROTISSERIE CHICKEN #2
PUPUSERIA Y RESTAURANTE SANTA ROSA,SANTA ROSA PUPUSERIA Y RESTAURANTE
JAMBA JUICE #14,JAMBA JUICE #14
CARLS JR #422,CARL'S JR #422
JACK IN THE BOX #5312,JACK IN THE BOX # 5312
PAPA JOHN'S PIZZA,PAPA JOHN'S PIZZA
DOMINO'S PIZZA #8113,DOMINOS PIZZA #8113
CHINATOWN EXPRESS # 1,CHINATOWN EXPRESS #1
TASTIO DONUTS,TASTIO DONUTS
SECRET IZT,SECRET IZT
EL CAMACHO RESTAURANT,EL CAMACHO RESTAURANT
TUMBY'S PIZZA,TUMBY'S PIZZA
I LOVE BOBA,I LOVE BOBA
CAFE GLACE,CAFE GLACE
COFFEE BEAN AND TEA LEAF,COFFEE BEAN AND TEA LEAF
JOE SUPERMARKET,JOE SUPERMARKET
DELICIOUS DONUTS,DELICIOUS DONUTS
EL BUEN SABOR,EL BUEN SABOR
SPRING FOR COFFEE,SPRING FOR COFFEE
THE HEALTH WINNER,THE HEALTH WINNER
VINE STREET DELI & CAFE,VINE STREET DELI & CAFE
SIXTH ST. TAVERN,SIXTH ST TAVERN
J MARKET,J MARKET
MARK'S LIQUOR,MARKS LIQUOR
CAFE ANZIO,ANZIO CAFE
CHICKEN N ROLL,CHICKEN N' ROLL
BORDER GRILL DOWNTOWN LA,BORDER GRILL DOWNTOWN LA BAR
LA MEXICANA,LA MEXICANA CARNICERIA
PARIS BAGUETTE,PARIS BAGUETTE
FARMACIA  SAN MARTIN,FARMACIA SAN MARTIN
EAST WEST CAFE,EAST WEST CAFE
CELIA'S MARKET,CELIA'S MARKET
ALEX SANDWICH,ALEX SANDWICH SHOP
AUNTIE ANNE'S,AUNTIE ANNE'S
JACK IN THE BOX # 3215,JACK IN THE BOX #3215
THE WAY FORWARD FOUNDATION,THE WAY FORWARD FOUNDATION
PIZZA MAN 8,PIZZA MAN #8
JOSEPHS CAFE,JOSEPH'S CAFE
MO MO SUSHI,MO MO SUSHI
5 STAR MARKET,5- STAR- MARKET
