K.T. LIQUOR MARKET,KT LIQUOR MARKET
23RD ST CAFE,23RD ST. CAFE
LUPITA'S MINI MARKET,LUPITAS MINI MARKET
CARL'S JR #422,CARLS JR #422
CARL'S JR #102,CARL'S JR,CARL'S JR.
FRANK'S LIQUOR,FRANKS LIQUOR & MARKET
ANS LIQUOR,ANS LIQUOR MARKET
REDS LIQUOR,MCDONALD'S,RED'S LIQUOR,MCDONALD'S #5806
NUMERO UNO MARKET #103,NUMERO UNO MARKET
WAHOO'S FISH TACO,WAHOOS FISH TACO
J & P MARKET,P & J MARKET
THE DRAGON,THE TWIN DRAGON
NATURES SUNSHINE,NATURE'S SUNSHINE
MARILYN'S DISCOUNT STORE,JOE'S DISCOUNT STORE,DISCOUNT STORE,MEXICO DISCOUNT STORE
IRENE'S LIQUOR,AL'S LIQUOR,ALS LIQUOR,IRENE'S LIQUOR MARKET
"DOLLAR TREE STORES, INC","DOLLAR TREE STORES , INC ."
TACOS LOS 4 CARNALES,TACOS LOS CARNALES
GELSON'S MARKET,GELSON'S MARKET #394
DONUT KING,KING DONUT
CARLS JR #321,CARL'S JR #321
EAST LA MARKET,EAST L.A. MARKET
L.A. CAFE,LA CAFE,LA BREA CAFE
ADMIRALS CLUB,AA REGIONAL ADMIRAL'S CLUB
GREENVIEW THAI RESTAURANT,"GREENVIEW THAI , RESTAURANT"
PIZZA LA,L.A. PIZZA
SUNNY LIQUOR & MARKET,SUNNY MARKET
WEST MARKET,WEST SLAUSON MARKET
CACTUS MEXICAN FOOD #2,CACTUS MEXICAN FOOD
PACOS LIQUOR,PACO'S LIQUOR
ROCCO'S TAVERN,TAVERN
GIANT DOLLAR,DOLLAR GIANT
7 - ELEVEN,7 ELEVEN #37215A,7- ELEVEN,7 ELEVEN
JACK IN THE BOX #228,JACK IN THE BOX # 228
ROYAL LIQUOR,ROYAL LIQUOR MARKET
MARKS LIQUOR,MARK'S LIQUOR
DOMINOS PIZZA #8113,DOMINO'S PIZZA #8113
NOODLE WORLD JR.,"NOODLE WORLD, JR"
CALIF PIZZA KITCHEN #,CALIF PIZZA KITCHEN
LAS CHAMPAS #16,LAS CHAMPAS
"BURGER FACTORY II, INC","BURGER FACTORY, INC."
RAFFALLOS PIZZA FOUNTAIN,RAFFALLO'S PIZZA - FOUNTAIN
ANZIO CAFE,CAFE ANZIO
MARIA'S RESTAURANT,MARIAS RESTAURANT
CALIFORNIA PIZZA KITCHEN #,CALIFORNIA PIZZA KITCHEN,CALIF PIZZA KITCHEN,CALIF PIZZA KITCHEN #
KINGS BREAKFAST CAFE,M CAFE,CAFE M,KING'S BREAKFAST CAFE
BED BATH & BEYOND,BED BATH AND BEYOND
CARLS JR #97,CARL'S JR #97
THE MAGIC NUT & CANDY CO,THE MAGIC NUT & CANDY CO.
ROBEK'S JUICE,ROBEKS JUICE
WETZELS PRETZELS,WETZEL'S PRETZELS,WETZELS PRETZEL'S
JUICE BAR,LIQUID JUICE BAR,AROMA JUICE BAR
DONUTS USA,USA DONUTS
K.T. LIQUOR MARKET,KT LIQUOR MARKET,PACOS LIQUOR,PACO'S LIQUOR
TREJO'S TACOS,TREJOS TACOS
DICK'S LIQUOR MARKET,DICK'S LIQUOR
JACK IN THE BOX #286,JACK IN THE BOX # 286
LONGS MARKET,LONG'S MARKET
CHINA BOY EXPRESS,CHINA EXPRESS
JENNY CRAIG #123,JENNY CRAIG # 123
7- ELEVEN STORE #39763A,7 ELEVEN STORE
HAPPY KIDS  NUTRITION,HAPPY KID'S NUTRITION
CARNITAS URUAPAN - MARKET & BAKERY,CARNITAS URUAPAN MARKET & BAKERY
TOM'S JR BURGER,TOM'S JR. BURGER
VERMONT,VERMONT DONUT,VERMONT FUEL
LITTLE CAESAR'S,LITTLE CAESARS
CALI  NATURAL,CALI NATURAL
LA PRINCESITA MARKET,LA PRINCESITA MEAT MARKET
HOUSE OF CURRY,HOUSE  OF  CURRY
CARLS JR #212,CARL'S JR #212
BIONICOS DAISYS,BIONICOS DAISY'S
CANDY STORE,REY'S CANDY STORE
KINGS BREAKFAST CAFE,KING'S BREAKFAST CAFE
MR ANGELOS PIZZA,MR PIZZA
REDS LIQUOR,RED'S LIQUOR
TACO BELL,TACO BELL #833
EMPLOYEE CAFETERIA,LAACO EMPLOYEE CAFETERIA
HARRYS MARKET,HARRY'S MARKET
JACK IN THE BOX #3343,JACK IN THE BOX # 3343
PIZZA HUT #26179,PIZZA HUT
KING DONUTS,DONUTS KING
LOUISES TRATTORIA,LOUISE'S TRATTORIA
BIONICOS,SUPER BIONICOS
SNACK SHOP,ALAMEDA SNACK SHOP
99 CENTS ONLY STORE #013,99 CENTS ONLY STORE
MINI MARKET,FLIP'S MINI MARKET
L.A. MINI MARKET,LA MINI MARKET
Q SUSHI,SUSHI Q,SUSHI Q.
SIXTH ST TAVERN,SIXTH ST. TAVERN
"RODRIGUEZ, MINI MARKET",MINI MARKET RODRIGUEZ
JACK IN THE BOX #3215,JACK IN THE BOX # 3215
SUBWAY SANDWICH SHOP #552,SUBWAY SANDWICH SHOP
BOYS BURGERS NO.1,BOY'S BURGERS
MONTE CARLO,MONTE CARLO CAFE
TRADER JOE'S,TRADER JOES
CAKE HOUSE,HAPPY RICE CAKE HOUSE
SAN RESTAURANT,OH SAN RESTAURANT
PAPA JOHNS PIZZA,PAPA JOHN'S PIZZA
MICHELLE'S  DONUT,MICHELLE'S DONUT HOUSE
DOLLAR FAMILY,FAMILY DOLLAR #11299
YOGURTLAND SUNSET,YOGURTLAND
L.A. PIZZA,PIZZA LA,LA PIZZA LOCA,LA PIZZA LOCA #43,LA PIZZA LOCA #12
JAMBA JUICE #1278,JAMBA JUICE
CHIPOTLE  MEXICAN GRILL,CHIPOTLE MEXICAN GRILL #3119,CHIPOTLE MEXICAN GRILL
BIONICOS,THREE AMIGOS,AMIGOS,SUPER BIONICOS
FOUNTAIN MARKET & LIQUOR,FOUNTAIN LIQUOR
DAILY DONUT HOUSE,DAILY DONUT
DIANA'S MARKET,YOUNG'S MARKET,YOUNGS MARKET,Diana's Market
7 - ELEVEN,7- ELEVEN,7 ELEVEN
HIGHLAND MARKET & DELI,HIGHLAND DELI / MARKET
FIVE GUYS BURGERS & FRIES,FIVE GUYS BURGERS & FRIES #1430
JOHNNIE'S NEW YORK PIZZERIA,JOHNNIE'S NEW YORK  PIZZERIA
JACK IN THE BOX #370,JACK IN THE BOX # 370
MCDONALD'S  #1126,SONSONATE GRILL,SONSONATE GRILL #2,MCDONALD’S #1126
CVS/PHARMACY,CVS/PHARMACY #9212
MCDONALD’S #1126,MCDONALD'S  #1126
PONCES BAKERY,PONCE'S BAKERY
VIVA,FLORENCE VIVA
CHICKEN N' ROLL,CHICKEN N ROLL
STARBUCKS COFFEE #5289,STARBUCKS COFFEE,STARBUCK'S COFFEE #5289,STARBUCKS COFFEE #15177
BBQ CHICKEN LA,LA LIQUOR,LA MARKET & LIQUOR,BBQ CHICKEN L.A.
KOREAN BBQ HOUSE,BUDNAMU KOREAN BBQ HOUSE
EL DISCOUNT,EL PUEBLO DISCOUNT
COFFEE BEAN & TEA LEAF #333,COFFEE BEAN & TEA LEAF
TAMALES LILIANA'S,TAMALES LILIANAS
TOSCANA,BAR TOSCANA
SUN'S DISCOUNT STORE,MALDONADO'S DISCOUNT STORE,MEXICO DISCOUNT STORE,DISCOUNT STORE,MARILYN'S DISCOUNT STORE
CHINESE RESTAURANT,CHINESE FRIENDS RESTAURANT
SAN PEDRO MARKET,SAN PEDRO DISCOUNT MARKET
AMIGO'S MARKET,AMIGOS MARKET
L.A. MINI MARKET,EL RANCHO MARKET,LA MINI MARKET,EL RANCHO MEAT MARKET
DOMINOS PIZZA,DOMINO'S PIZZA
M CAFE,CAFE M
J MARKET,J & J MARKET
CHEVRON FOOD MART #1803,CHEVRON FOOD MART
BIG MAMA'S & PAPA'S PIZZERIA,BIG MAMAS & PAPAS PIZZERIA
BIG SAVER FOOD MARKET,BIG SAVER FOOD
BBQ CHICKEN LA,BBQ CHICKEN L.A.
PIZZA MAN #8,PIZZA MAN 8
COFFEE SHOP,ALADDIN COFFEE SHOP,ART COFFEE SHOP
AL'S LIQUOR,ALS LIQUOR
PUPUSERIA Y RESTAURANTE SANTA ROSA,SANTA ROSA PUPUSERIA Y RESTAURANTE
LEONARDOS RESTAURANT,LEONARDO'S RESTAURANT
MR. BOBA,MR BOBA
JACK IN THE BOX #5312,JACK IN THE BOX # 5312
CHINA CHEF'S EXPRESS,CHINA BOY EXPRESS,CHINA EXPRESS
K AND K DONUTS,K & K DONUTS
24 HOUR FITNESS,24 HOUR FITNESS #122
THE ROOM,THE BURGUNDY ROOM
LUCIFERS PIZZA,LUCIFER'S PIZZA
CHINATOWN EXPRESS # 1,CHINATOWN EXPRESS #1
ROSS DRESS FOR LESS,ROSS DRESS FOR LESS #1080
DUNKIN' DONUTS,DUNKIN DONUTS
LE PAIN  QUOTIDIEN,LE PAIN QUOTIDIEN
COFFEE BEAN & TEA LEAF #348,THE COFFEE BEAN & TEA LEAF #333,THE COFFEE BEAN & TEA LEAF,THE COFFEE BEAN & TEA LEAF #348
L & G MINI MARKET,L & G MINI MARKET DISCOUNT
CAFE GARDEN,GARDEN CAFE
TRADER JOE'S,TRADER JOES,TRADER JOE'S #033
BUFFET GRILL,AMERICAN BUFFET & GRILL
DENNY'S,DENNYS #6826
LIEDER`S,LIEDER'S
RAFFALLOS PIZZA FOUNTAIN,RAFFALLO'S PIZZA - FOUNTAIN,RAFFALLO'S PIZZA
LUPITA'S MARKET,LUPITAS MARKET,GARCIAS MARKET,GARCIA'S MARKET
"SIZZLER USA RESTAURANTS, INC",SIZZLER USA RESTAURANTS INC
CAFE CALI,CALI CAFE
MARISCOS & VIENTOS #4,MARISCOS 4 VIENTOS
QUIZNOS SUB,QUIZNO'S SUB
THAI CORNER FOOD EXPRESS,THAI FOOD EXPRESS
CHINATOWN EXPRESS #28,CHINATOWN EXPRESS
TONY'S MARKET,TONYS MARKET
EL POLLO LOCO,EL POLLO LOCO #6000
IT'S BOBA TIME,ITS BOBA TIME
GOLD'S GYM,GOLDS GYM
TAQUERIA LOS AMIGOS,LOS AMIGOS TAQUERIA
PANDA EXPRESS INC.,PANDA EXPRESS,PANDA  EXPRESS
EXPO MARKET,EXPO MINI MARKET
SHU,D  SHU
CALIFORNIA PIZZA KITCHEN #,CALIFORNIA PIZZA KITCHEN
BAMBOO RESTAURANT,BAMBOO
SUBWAY SANDWICHES & SALADS,SUBWAY SANDWICHES SALADS
DAILY DONUTS HOUSE,DAILY DONUTS
SUBWAY #39684,LAS CHAMPAS #16,LAS CHAMPAS,SUBWAY
CAFE AROMA,AROMA CAFE
MOTHER'S NUTRITIONAL CENTER,MOTHERS NUTRITIONAL CENTER
CARL'S JR #321,CARLS JR #321,TOM'S JR BURGERS,TOM'S JR BURGERS #4
FARMACIA  SAN MARTIN,FARMACIA SAN MARTIN
STARBUCKS COFFEE #5289,STARBUCK'S COFFEE #5289
99 CENTS ONLY STORE #013,99 CENTS ONLY STORE #016,99 CENTS ONLY STORE
SAN PEDRO MARKET,CENTURY LIQUOR & MARKET,CENTURY LIQUOR,SAN PEDRO DISCOUNT MARKET
THE COUNTER,THE KITCHEN COUNTER
TODO'S MARKET,TODOS MARKET,LEE'S MARKET,LEES MARKET
SUPER DONUT,SUPER DONUT HOUSE
COFFEE SHOP,ART COFFEE SHOP
THE FRENCH CREPE CO.,THE FRENCH CREPE CO
JUICE BAR,LIQUID JUICE BAR
FORDS FILLING STATION,FORD'S FILLING STATION
JOSEPHS CAFE,JOSEPH'S CAFE
5 STAR MARKET,5- STAR- MARKET
